id	title	subtitle	href	section	kind	kicker	displayTag	tags	location	status	order	ghost	span	titleVariant
scifi	Golden Age<br>Science Fiction	"The writers who imagined tomorrows we now partly inhabit - rockets, robots, galaxies, and the anxiety of minds too large for their bodies."	https://bookshelf.cabinetofcuriosities.in/scifi/	author-explorations	section-hub	Section Hub / Anthology	Essays / Overviews / Data	science-fiction;golden-age;authors;anthology;data	internal-html	TRUE	10	G	c7	inst
asimov	Isaac Asimov	"Foundation, Robots, and the Grand Unification - one man's attempt to write all of science fiction."	https://bookshelf.cabinetofcuriosities.in/asimov/	author-explorations	author-page	Author / Sci-Fi	Author Page	science-fiction;author;asimov;foundation;robots	internal-html	TRUE	20	A	c5	
clarke	Arthur C.<br>Clarke	The poet of deep time.		author-explorations	author-page	Author / Sci-Fi	Author Page	science-fiction;author;clarke;deep-time	internal-html	wip	40	C	c4	
christie	Agatha<br>Christie	"The geography of murder - where Poirot and Marple solved their cases."	christie/	author-explorations	author-page	Author / Crime	Author Page / Map	crime;author;christie;map;dataviz;geography	internal-md	TRUE	30	Ch	c4	
kipling	"Kipling, Kim &amp;<br>The Great Game"	"The Raj, the North-West Frontier, intelligence, identity - and the boy who belonged everywhere and nowhere."		empire-adventure-great-game	author-cluster	Author / Cluster	Essays / Maps / Context	kipling;kim;great-game;empire;maps	internal-md	false	10	K	c5	
hamzanama	Mapping the<br>Hamzanama	"Adventures of Hamza - the Mughal manuscript that kept a thousand illustrators busy. Tracing the folios, the stories, the migrations of a scattered book."		book-data-visualisation	mapping-project	Project / Mapping	Interactive Map / Research	hamzanama;mughal;manuscript;mapping;research	internal-html	wip	20	H	c7	inst
comic-book-history	A Brief History of<br>Comic Books	From pulp origins to the Silver Age - how a disreputable medium became the century's mythology.		comics-sequential-art	history	History / Medium	Essays / Timeline	comics;history;pulp;silver-age;timeline	internal-md	wip	10	CB	c6	
indrajal-comics	Indrajal<br>Comics	"Phantom, Mandrake, Flash Gordon - the Hindustan Times' curious gift to Indian childhood."		comics-sequential-art	catalogue	India / Nostalgia	History / Catalogue	comics;indrajal;india;nostalgia;catalogue	internal-md	wip	20	IJ	c6	
my-reading-journey	My Reading<br>Journey	"A decade of Goodreads, year by year and all together - and the books bought along the way."		book-data-visualisation	dataviz	Dataviz / Personal	Data Analysis	reading;goodreads;book-buying;dataviz;personal	internal-html	wip	10		c5	
favorite-poems	Favourite<br>Poetry	"Poems by other poets I keep returning to - a personal anthology, long poems, and a British Poetry Workshop archive."	favorite-poems/	poetry	poetry-collection	Poetry / Anthology	Anthology / Archive	poetry;anthology;workshop;favourites	internal-md	TRUE	10	FP	c4	
